districtid,hasMetro,busStopDensity,stopsWithinMetroService,streetDensity,collectorStreetDensity,mainRoadDensity,highWayDensity,roadDensity,busRouteDensity,lineOverlapFactor,peopleDensity,developLevel,developLevelWithinBusService,busAccessibility,laggingIndex,weiboSignin,number,number_level,1,2,3,4,index,leafIndex
3,0,15.59841445,0,3.804024475,1.910523307,1.717912459,0,7.432460241,38.15065247,10.92476027,10345.13102,0.220357876,0.892823701,6882.02454,3.436140869,7578,597.734375,3,0,0.181818182,0.181818182,0.636363636,4,6
4,0,18.79588022,0,5.150751781,2.302263772,2.046784392,0,9.499799945,49.76922085,14.65096321,14286.69199,0.435891158,1.485093917,6870.614966,3.425004339,8798,647.410628,4,0,0.181818182,0.181818182,0.636363636,4,6
7,0,30.6053743,0,7.575199565,0,3.446056118,0,11.02125568,74.98300139,11.8098697,15672.98904,2.922332325,1.493036923,6884.26653,3.481346769,8312,703.9142857,4,0,0.181818182,0.181818182,0.636363636,4,6
8,0,24.45075875,0,6.821567745,0.832210912,1.704516174,0,9.358294831,70.71881045,27.25690949,14473.38066,0.460891917,0.515520934,6847.863046,3.352827387,4118,574.7707006,3,0,0.069767442,0.720930233,0.209302326,3,5
9,0,3.892663691,0,0.224542515,0,0.553635444,0.954759231,1.73293719,23.80118574,10.68212685,5811.353306,-0.097018549,-0.204336271,8926.823711,5.443126659,1333,270.6721311,2,0.268656716,0.537313433,0.141791045,0.052238806,2,2
10,0,1.461051437,0,0,0,0,1.365641498,1.365641498,25.71066168,13.3203416,3480.95639,-0.294936117,-0.327464224,7483.581967,3.724453079,387,883.7142857,4,0.181818182,0.090909091,0.545454545,0.181818182,3,4
12,0,3.986829288,0,0.671812515,0.554931682,0.265791078,0.484086613,1.976621888,13.6715632,14.40106479,5473.153981,-0.325568522,-0.394943809,8679.130658,3.348321495,73,353.4117647,2,0.268656716,0.537313433,0.141791045,0.052238806,2,2
13,0,3.456511896,0,0.97257638,0.308938451,0,0,1.281514831,10.21522692,7.971777367,1297.195435,-0.288319961,-0.310724409,15417.1483,4.22768998,3036,57.56,1,0.744680851,0.14893617,0.063829787,0.042553191,1,1
14,0,0.800697659,0,0.836400405,0.113216073,0,0,0.949616478,3.923597305,3.331945912,437.3447754,-0.327436779,-0.40615064,12672.32211,3.744932833,723,66.77777778,1,0.744680851,0.14893617,0.063829787,0.042553191,1,1
15,0,0.618273115,0,0.224371387,0,0,0,0.224371387,0.891336293,3.416814955,175.4118592,-0.332500989,-0.39728679,17770.77177,3.388209323,29,38.175,1,0.744680851,0.14893617,0.063829787,0.042553191,1,1
21,0,1.459658446,0,0.918771641,0,0,0,0.918771641,4.04755972,3.49838619,135.6830392,-0.329725711,-0.411379415,14318.05,3.635570837,106,49.9375,1,0.744680851,0.14893617,0.063829787,0.042553191,1,1
22,0,0.332132905,0,0.085558197,0,0,0,0.085558197,0.294043538,3.204409229,161.6845939,-0.330092878,-0.40714742,16857.62056,3.235389592,785,75.68571429,1,0.744680851,0.14893617,0.063829787,0.042553191,1,1
23,0,1.297089623,0,1.063098966,0,0,0,1.063098966,1.081268693,2.254142481,350.7175161,-0.152679159,-0.366146377,16345.37193,3.129173862,3986,123.0714286,1,0.744680851,0.14893617,0.063829787,0.042553191,1,1
25,0,0.634935724,0,0.454573667,0.015721369,0,0,0.470295036,1.600993744,6.81253783,185.8963905,-0.32965816,-0.399367397,12682.55714,3.819364644,178,68.44444444,1,0.744680851,0.14893617,0.063829787,0.042553191,1,1
26,0,2.060092557,0,0.63181352,1.017387002,0,0,1.649200522,8.7882552,5.845448638,804.0199741,-0.26638193,-0.102336998,13518.49558,3.908773042,2359,31.47916667,1,0.744680851,0.14893617,0.063829787,0.042553191,1,1
27,0,3.340179309,0,0.799854249,0,0,0,0.799854249,3.927322737,2.096375854,162.7352647,-0.30190303,-0.408283345,15887.38957,3.613936607,355,55.23076923,1,0.744680851,0.14893617,0.063829787,0.042553191,1,1
28,0,1.27901567,0,0.605782791,0,0,0,0.605782791,2.013285139,4.208197232,132.8351236,-0.327274562,-0.395604466,15887.25324,3.516289252,1470,210.25,2,0.744680851,0.14893617,0.063829787,0.042553191,1,1
29,0,1.273851273,0,0,0,0,0,0,1.109406224,2.164448278,74.31294755,-0.325025213,-0.405714991,16527.48194,2.952844164,682,79,1,0.744680851,0.14893617,0.063829787,0.042553191,1,1
32,0,3.929341018,0,0,0.160946631,0,0,0.160946631,3.04412165,10.08349279,3706.956596,-0.321311779,-0.371312733,8459.219496,3.140175581,459,326.9767442,2,0.268656716,0.537313433,0.141791045,0.052238806,2,2
33,0,7.163548997,0,0.653323271,0.130283743,0.816236267,0,1.599843281,20.6545926,11.69499562,7261.795217,-0.311832411,-0.380929292,8548.379346,3.333313832,1418,330.8705882,2,0.268656716,0.537313433,0.141791045,0.052238806,2,2
34,0,5.807456067,0,0.255242025,0.353730362,0,0,0.608972387,10.25260279,8.007933166,8516.361566,-0.25915139,-0.198493225,8966.715646,4.585442772,1678,141.3928571,1,0.268656716,0.537313433,0.141791045,0.052238806,2,2
35,0,4.199780379,0,0.143654919,0.090092342,0,0,0.233747261,5.510037507,7.062709033,4107.346658,-0.32851431,-0.409499341,9030.998299,4.299533662,3361,157.4189944,1,0.268656716,0.537313433,0.141791045,0.052238806,2,2
36,0,6.259345383,0,0.100439448,0.144384432,0,0.227016971,0.471840851,4.377460216,2.739815358,9032.122883,-0.273938615,-0.403331451,8496.870068,4.257967373,1465,257.5,2,0.268656716,0.537313433,0.141791045,0.052238806,2,2
38,0,10.99462509,0,0,0.592805152,0,0.227180153,0.819985305,16.56454093,6.866945607,8154.644236,-0.321060975,-0.333278052,8699.454422,4.733085249,398,175.2840909,1,0.268656716,0.537313433,0.141791045,0.052238806,2,2
41,0,3.041482784,0,0.107800841,0.272274997,0.555044144,0.75956821,1.694688192,28.51953055,28.63467091,7241.220727,-0.323876682,-0.381747304,6089.927062,3.749978843,405,354.8059701,2,0.027027027,0.675675676,0.189189189,0.108108108,2,3
42,0,3.01915275,0,0.474116005,0.219651669,0.161121026,0.575891274,1.430779974,18.29031625,13.14499429,5232.112046,-0.314304396,0.810925268,7524.506122,4.099089652,166,348.5982143,2,0.027027027,0.675675676,0.189189189,0.108108108,2,3
43,0,6.033063871,0,2.341882135,0.116565316,0.132690962,0.506111511,3.097249924,23.6593409,14.96491784,5869.388055,-0.1047417,-0.180162997,6955.942517,3.891228515,6043,395.4653465,2,0.027027027,0.675675676,0.189189189,0.108108108,2,3
44,0,0.178923738,0,0.405064897,0.092729726,0,0.072824796,0.570619419,1.099274862,8.744116166,159.4045072,-0.332603275,-0.411240899,34935.02784,9.722940033,32,80.83333333,1,0.744680851,0.14893617,0.063829787,0.042553191,1,1
45,0,2.178249309,0,3.110959168,0.781611746,0,0.731023888,4.623594802,10.32229376,7.7678124,720.0309424,-0.327954111,-0.405897624,11313.23639,4.071789208,173,115.8461538,1,0.744680851,0.14893617,0.063829787,0.042553191,1,1
46,0,3.874483106,0,0.431685031,0.6991531,0,0.237547302,1.368385433,13.69008372,5.644419253,3310.266969,-0.317441706,-0.391150447,11506.03825,3.911870881,2689,132.3414634,1,0.744680851,0.14893617,0.063829787,0.042553191,1,1
47,0,0.072949599,0,0.095963206,0,0,0.124683522,0.220646728,0,0,163.450601,-0.332662668,-0.403969662,14655.14842,4.333734211,1,127.5,1,0.744680851,0.14893617,0.063829787,0.042553191,1,1
49,0,0.453768603,0,1.146400903,0.080546606,0,0.092556086,1.319503595,0.732019062,4.797896067,277.817799,-0.321960262,-0.393157271,11254.4297,4.616207962,907,27.83333333,1,0.744680851,0.14893617,0.063829787,0.042553191,1,1
50,0,0.295009513,0,0.126543415,0.086865338,0.003804718,0,0.217213471,0.931085281,7.117628207,931.0363564,-0.330586821,-0.379298189,12382.32784,3.907232503,652,175.2439024,1,0.744680851,0.14893617,0.063829787,0.042553191,1,1
51,0,0.277879634,0,0.549957765,0.332448086,0.023589703,0.076456771,0.982452325,2.572610931,20.3395105,640.0021174,-0.28793021,-0.281448169,12342.60625,3.979230802,9652,300,2,0.744680851,0.14893617,0.063829787,0.042553191,1,1
52,0,0.07687061,0,0.108087311,0,0.175906863,0,0.283994174,1.982425944,13.61688362,700.1364455,-0.332493251,-0.410482746,11993.44877,3.543278221,13,691.75,4,0.744680851,0.14893617,0.063829787,0.042553191,1,1
53,0,8.166663856,0,0.193604902,1.337034836,0,0,1.530639738,24.51636745,13.82574786,8024.473938,-0.264344059,-0.341722109,10570.22427,3.793075464,4410,137.0128205,1,0.744680851,0.14893617,0.063829787,0.042553191,1,1
54,0,0.669660832,0,0,0.276938855,0,0,0.276938855,1.450115435,42.93023155,1027.673058,-0.32119761,-0.370116604,11466.48668,3.695871381,153,134.7659574,1,0.744680851,0.14893617,0.063829787,0.042553191,1,1
55,0,0.134112887,0,0.123054743,0.081222543,0,0,0.204277286,0.978228161,11.56096894,184.1494703,-0.332672821,-0.413252907,11740.78707,3.951020863,27,160.25,1,0.744680851,0.14893617,0.063829787,0.042553191,1,1
56,0,6.604492376,0,0,0,0.108748697,0,0.108748697,12.37397708,9.229969476,7501.839843,-0.332672821,-0.405082982,10698.33537,3.852525006,1,113.8333333,1,0.744680851,0.14893617,0.063829787,0.042553191,1,1
57,0,3.516113537,0,0.183902569,0.987262792,0,0,1.171165361,8.239363761,6.94072636,6469.868554,-0.330251225,-0.410180261,11507.79098,3.757934462,320,123.2830189,1,0.744680851,0.14893617,0.063829787,0.042553191,1,1
61,0,4.256238077,0,2.099303138,1.02778753,0,0.686453369,3.813544037,30.38368721,11.62361008,5893.802418,0.250332708,0.295979981,9739.656442,4.172080028,12659,222,2,0.268656716,0.537313433,0.141791045,0.052238806,2,2
62,0,1.993201955,0,2.858799892,0.324850567,0.093224289,0,3.276874748,3.988749732,5.643720141,1382.755642,-0.311103588,-0.369045756,10033.85929,4.169753873,1514,277.4615385,2,0.268656716,0.537313433,0.141791045,0.052238806,2,2
63,0,0.448078661,0,0.456475824,0,0.163554663,0.343005289,0.963035776,0.605412476,7.158227611,373.9278681,-0.332672821,-0.408473735,8584.187586,4.318053521,30,444,3,0.268656716,0.537313433,0.141791045,0.052238806,2,2
64,0,6.288434312,0,0.190585621,0.660115741,0.477906869,0,1.328608231,8.160508471,4.236519158,6128.42958,-0.32762997,-0.39696668,7810.544399,3.4536835,354,457.4074074,3,0.027027027,0.675675676,0.189189189,0.108108108,2,3
67,0,6.370581634,0,0,0,1.363011489,0,1.363011489,33.78956559,15.64231365,4869.586823,-0.328554026,-0.408962147,10440.52288,4.10988493,112,63.59649123,1,0.744680851,0.14893617,0.063829787,0.042553191,1,1
68,0,6.347726933,0,0,0,0,0,0,14.0907824,6.663724437,6493.8817,-0.319960318,-0.389395775,11978.84939,4.134439994,130,70.4691358,1,0.744680851,0.14893617,0.063829787,0.042553191,1,1
69,0,8.352625264,0,0.452591247,0,0,0,0.452591247,18.28941814,7.52483494,7397.93135,-0.286230829,-0.370477307,11572.56865,4.110172804,780,137.2741935,1,0.744680851,0.14893617,0.063829787,0.042553191,1,1
72,0,8.031609494,0,0,0.133608769,0.492893194,0,0.626501963,7.67515146,4.386436875,6777.473767,-0.299579561,-0.373440906,7567.974438,3.553396637,378,467.2156863,3,0.027027027,0.675675676,0.189189189,0.108108108,2,3
77,0,11.34349062,0,0,0,0,0,0,22.91680551,5.276102168,8562.926291,-0.299755583,-0.301954892,9928.75888,3.654893331,82,100.8534483,1,0.268656716,0.537313433,0.141791045,0.052238806,2,2
78,0,1.692140683,0,0.053602697,0,0,0.317637784,0.371240481,0.930919051,1.80245671,1794.752786,-0.330953183,-0.41003511,13620.7056,5.095735118,170,77.72222222,1,0.744680851,0.14893617,0.063829787,0.042553191,1,1
79,0,11.7933957,0,0,0,0.58185383,0.491063842,1.072917672,30.53145474,9.396895573,7757.287753,-0.324892418,-0.412131579,10736.2102,3.84657527,158,77.45882353,1,0.744680851,0.14893617,0.063829787,0.042553191,1,1
80,0,2.933178168,0,0,0,0.109874118,0.082854105,0.192728223,6.11306717,4.913513353,7295.608182,-0.332672821,-0.413252907,12153.7454,4.212280062,3,94.20689655,1,0.744680851,0.14893617,0.063829787,0.042553191,1,1
81,0,0.281673121,0,0.384612573,0,0,0.587256935,0.971869508,5.924739506,10.25885316,383.3582091,-0.332302436,-0.38847546,11850.36842,5.359793808,752,453.5,3,0.744680851,0.14893617,0.063829787,0.042553191,1,1
82,0,1.131044535,0,0.959202454,0.015818753,0.060758731,0.134947088,1.170727026,2.9406324,8.235889198,1015.095698,-0.320028754,-0.392817941,9200.005219,3.339791045,7128,603.6451613,4,0.268656716,0.537313433,0.141791045,0.052238806,2,2
83,0,3.361113824,0,0.151291046,0.360544268,0.425849079,0.860731754,1.798416147,22.30960817,17.31258609,5189.838633,-0.31921,-0.272674427,7506.946392,3.6176972,2351,383.8547009,2,0.027027027,0.675675676,0.189189189,0.108108108,2,3
84,0,2.96490113,0,0,0.32902904,0,0.348714985,0.677744025,2.54661385,1.755288058,4614.899006,-0.322119128,-0.367014336,7228.950478,3.580687576,86,392,2,0.027027027,0.675675676,0.189189189,0.108108108,2,3
87,0,18.37297778,0,1.226699058,0,0.146067181,1.433419077,2.806185316,18.42452904,5.535397548,7728.527355,-0.24322799,0.000931354,7334.599044,3.908028003,1116,630.28,4,0.027027027,0.675675676,0.189189189,0.108108108,2,3
88,0,1.564365424,0,0.719000587,0,0.419355186,0.865616451,2.003972224,3.735650667,6.23922446,1919.706271,-0.313290776,-0.395844278,8250.359973,4.333343536,655,288.75,2,0.268656716,0.537313433,0.141791045,0.052238806,2,2
89,0,8.568957944,0,0,0.444287683,0,0,0.444287683,28.82450147,16.13453842,8587.248221,-0.177896006,-0.237653085,9810.275956,3.735260246,4095,180.3615819,1,0.268656716,0.537313433,0.141791045,0.052238806,2,2
90,0,2.911644301,0,0.049824363,0,0,0.541351617,0.59117598,5.246075381,6.427659003,2642.305535,-0.332672821,-0.405430461,9821.580556,3.511293299,114,170.3142857,1,0.268656716,0.537313433,0.141791045,0.052238806,2,2
91,0,1.567953743,0,0.171621674,0,0,0.135376426,0.3069981,1.660409612,4.397635758,2497.987947,-0.321327745,-0.395278163,10578.87198,3.496040201,176,378.3448276,2,0.744680851,0.14893617,0.063829787,0.042553191,1,1
95,0,2.143331431,0,1.302330825,0,1.157462612,0.920189821,3.379983258,11.05669865,7.808202602,5691.835948,-0.32847309,-0.408247341,9233.808985,4.042880352,603,205.5,2,0.268656716,0.537313433,0.141791045,0.052238806,2,2
96,0,11.33389562,0,2.83098414,0,0.946251897,0,3.777236037,37.81885728,13.0173921,12201.99109,-0.245715119,-0.259678735,8179.598563,3.964437237,897,180.7012987,1,0.268656716,0.537313433,0.141791045,0.052238806,2,2
97,0,25.31229038,0,4.347677664,0,0.973555004,0,5.321232668,32.8093278,8.250907217,14812.64519,0.299627935,0.158379523,8058.703893,3.834904157,7330,223.2741935,2,0,0.181818182,0.181818182,0.636363636,4,6
98,0,5.484746463,0,3.278074766,0,1.649517843,0,4.927592609,39.19568156,18.06877007,2406.760456,-0.315117251,-0.364108286,9028.808299,3.818171602,172,201.4,2,0.268656716,0.537313433,0.141791045,0.052238806,2,2
101,0,8.720934133,0,0.9501133,0,0.580519349,1.297442754,2.828075403,22.2539415,8.721986003,6205.478561,-0.300763452,-0.229193426,7377.358025,3.72012485,1333,680.1071429,4,0.027027027,0.675675676,0.189189189,0.108108108,2,3
104,0,6.935192018,0,0,0.144444642,0.069910755,0,0.214355397,10.65075605,6.435854997,4699.532249,-0.313747234,-0.400392865,8363.729295,3.387533529,135,170.8051948,1,0.268656716,0.537313433,0.141791045,0.052238806,2,2
105,0,9.688965572,0,0.4022549,0.357294059,0,0.902132783,1.661681742,25.67538936,10.10861474,7233.764286,-0.309032971,-0.398022812,9333.416496,3.83443404,354,186.9583333,1,0.268656716,0.537313433,0.141791045,0.052238806,2,2
106,0,5.186241937,0,3.252853666,0,0.879077982,0.164164589,4.296096237,12.3290756,7.630203089,5718.964599,-0.30969719,-0.407278598,12161.0414,4.140863781,105,402.65,3,0.744680851,0.14893617,0.063829787,0.042553191,1,1
107,0,10.4593612,0,3.218350024,0,0.637909968,0.235986642,4.092246634,25.60680001,11.78433401,14496.13193,-0.299257321,-0.38631216,9469.419421,4.570245026,1655,477.4210526,3,0.268656716,0.537313433,0.141791045,0.052238806,2,2
108,0,4.24468636,0,4.598638692,0,0.876325891,1.381991701,6.856956284,51.15826283,21.79517889,14770.51667,-0.320647722,-0.402673132,8512.513661,4.104547264,1822,386.75,2,0.268656716,0.537313433,0.141791045,0.052238806,2,2
109,0,8.235067763,0,2.372387488,0,0.691238327,0,3.063625815,31.74878922,26.26087562,9117.582528,-0.328308941,-0.29028757,9460.040466,4.29009493,495,177.9367089,1,0.268656716,0.537313433,0.141791045,0.052238806,2,2
114,0,7.208940103,0,0,0,0.151161051,0.539096921,0.690257972,18.37226142,10.74690311,6055.215664,-0.215350833,1.184922925,7559.733333,4.684740684,924,300.5333333,2,0.027027027,0.675675676,0.189189189,0.108108108,2,3
115,0,3.297393436,0,0,0,0,0.181874046,0.181874046,3.724163108,7.232350159,2781.647611,-0.331838618,-0.404997962,8570.933402,3.747925339,14,254.755102,2,0.268656716,0.537313433,0.141791045,0.052238806,2,2
116,0,12.49573299,0,0,0.100514445,0,0,0.100514445,20.13578639,5.673624541,7724.489989,-0.284341341,-0.399030876,8598.317996,3.658157263,374,144.920354,1,0.268656716,0.537313433,0.141791045,0.052238806,2,2
117,0,2.827307493,0,0.057766707,0.085418019,0,0.390482882,0.533667608,0.802238888,1.480243128,1784.093099,-0.331020229,-0.412782938,9289.766667,4.028810388,31,364.8666667,2,0.268656716,0.537313433,0.141791045,0.052238806,2,2
118,0,7.541652005,0,3.558564031,0.111329764,0.560979115,0,4.23087291,14.16018726,4.160204386,6680.161542,0.049994353,-0.340372929,7733.403545,3.92396051,6355,262.0496894,2,0.027027027,0.675675676,0.189189189,0.108108108,2,3
119,0,1.973158727,0,0.303618281,1.131770403,0,1.015941523,2.451330207,10.1916578,4.746459168,339.5239513,-0.189593124,-0.38087739,10149.35558,4.405436073,2402,233.9090909,2,0.268656716,0.537313433,0.141791045,0.052238806,2,2
124,0,10.16653548,0,0.727232306,0.253274566,0.904798538,0,1.88530541,18.87036869,7.044836151,7269.753939,-0.332307937,-0.377977463,8388.640816,3.583158312,9,219.0288462,2,0.268656716,0.537313433,0.141791045,0.052238806,2,2
125,0,8.030978876,0,0,0,0.310232943,0,0.310232943,9.983608608,4.312755229,7494.432304,-0.331755476,-0.411864102,9038.915986,3.770403793,176,190.8461538,1,0.268656716,0.537313433,0.141791045,0.052238806,2,2
127,0,9.318778289,0,3.287895382,0.39736047,0.390957483,0,4.076213335,30.40508496,7.962903515,8423.860017,-0.251774646,-0.118088507,8430.705102,3.638982871,6659,268.8774373,2,0.268656716,0.537313433,0.141791045,0.052238806,2,2
128,0,7.687431991,0,3.178611176,0.910235264,0,0,4.08884644,21.71179713,16.36714448,5896.266197,-0.224560984,-0.198842577,7234.130612,3.504357401,5289,257.8649425,2,0.027027027,0.675675676,0.189189189,0.108108108,2,3
129,0,9.849774522,0,2.967372788,0.622890874,1.770163369,0,5.360427031,24.42361699,5.244087173,7853.982018,-0.241744588,-0.354721156,8220.809524,3.816033436,2806,237.7307692,2,0.268656716,0.537313433,0.141791045,0.052238806,2,2
133,0,15.46644591,0,7.320292723,0,0.989516833,0,8.309809556,36.89013349,8.656153599,14090.16986,-0.159835207,-0.086272851,7488.007157,4.00856252,3043,540.9126214,3,0,0.069767442,0.720930233,0.209302326,3,5
140,0,7.574240732,0,0,0.611171508,0,0.231202655,0.842374163,28.99793209,7.797090947,8107.191537,-0.310988434,-0.324401465,8264.847279,3.92717818,916,340.8292683,2,0.268656716,0.537313433,0.141791045,0.052238806,2,2
141,0,9.493402576,0,0.296663338,0.210565087,0.444457764,0,0.951686189,45.13857739,21.70526466,7296.514095,-0.254681793,-0.254116713,8756.621585,3.745492465,1943,327.4131737,2,0.268656716,0.537313433,0.141791045,0.052238806,2,2
142,0,7.584553359,0,0.444503457,0,0.360480378,0,0.804983835,14.04406966,12.5076408,7349.109649,-0.323970264,-0.412668117,9165.858948,3.709536349,24,272.3622047,2,0.268656716,0.537313433,0.141791045,0.052238806,2,2
143,0,6.850515473,0,0,0.741395898,0,0.572284389,1.313680287,39.15829606,13.76139016,7336.762492,-0.321023014,-0.393933822,8809.785276,3.855222057,699,195.6210526,1,0.268656716,0.537313433,0.141791045,0.052238806,2,2
147,0,8.242259442,0,0.064694303,0,0.329382273,0.368719122,0.762795698,14.71316727,7.98066576,4587.027456,-0.252373115,-0.375462977,8877.645194,3.716417233,3087,232.8727273,2,0.268656716,0.537313433,0.141791045,0.052238806,2,2
148,0,3.627440134,0,0,0,0,0.368473137,0.368473137,2.281609488,4.705883898,1939.637806,-0.332075665,-0.385883381,9263.666326,4.091827676,43,264,2,0.268656716,0.537313433,0.141791045,0.052238806,2,2
150,0,4.704349552,0,0,0,0,0,0,16.02425373,8.058479586,7577.610287,-0.325706775,-0.387718281,8294.704577,3.558663182,1133,237.2767857,2,0.268656716,0.537313433,0.141791045,0.052238806,2,2
153,0,8.536484937,0,3.161156996,0,1.41498351,0.759529837,5.335670343,52.07364863,20.26553935,11497.14054,-0.188205687,-0.304648476,10363.78719,4.857002063,1138,471.2631579,3,0.268656716,0.537313433,0.141791045,0.052238806,2,2
154,0,6.147283503,0,0.359941112,0.58773586,0.181075212,0.296364017,1.425116201,19.20072895,16.09025361,6376.384815,1.135240126,0.522700837,7615.570893,4.145331425,3747,355.5446429,2,0.027027027,0.675675676,0.189189189,0.108108108,2,3
155,0,10.27591542,0,0,0.709935846,0,0.508885768,1.218821614,25.96868968,9.741320774,8456.368328,-0.241667647,-0.379913388,9103.243986,4.437072791,5631,514.3488372,3,0.268656716,0.537313433,0.141791045,0.052238806,2,2
156,0,8.875167404,0,0.26048038,0,0,0.160785083,0.421265463,11.57914203,5.000724118,7557.544844,-0.291534382,-0.381457639,8333.991138,4.563624801,6196,294.2416667,2,0.268656716,0.537313433,0.141791045,0.052238806,2,2
160,0,2.718909608,0,0.826249584,0.270742681,0,0.055432988,1.152425253,14.11442307,13.03965195,4321.673785,-0.318986783,-0.32133363,7494.112826,3.826243007,127,457.0344828,3,0.181818182,0.090909091,0.545454545,0.181818182,3,4
162,0,10.79173353,0,0.435125086,0,0.409711492,0,0.844836578,13.69400028,5.148118085,8265.684801,-0.287689679,-0.37250228,7837.601701,4.319271364,226,279.562963,2,0.027027027,0.675675676,0.189189189,0.108108108,2,3
163,0,7.124910072,0,0.106716919,0,0.94525238,0,1.051969299,18.3437674,8.486248006,6202.981376,-0.315638354,-0.401021606,9414.290897,3.869456158,375,245.0606061,2,0.268656716,0.537313433,0.141791045,0.052238806,2,2
164,0,7.762494576,0,0,0,0.442002513,0,0.442002513,16.13628756,6.7136131,4515.019604,-0.330538359,-0.409813491,9218.696939,3.697697175,239,111.2244898,1,0.268656716,0.537313433,0.141791045,0.052238806,2,2
165,0,10.45391983,0,0,0.371768004,0.325971357,0,0.697739361,27.10444738,13.17982705,6072.325517,-0.222889888,-0.206868756,9948.489775,3.809773205,3605,125.5659574,1,0.268656716,0.537313433,0.141791045,0.052238806,2,2
166,0,17.2864564,0,0,0.840065558,0.465168803,0,1.305234361,71.55790195,39.97171939,8645.202713,-0.004602299,-0.143510388,10786.70748,3.764781676,2958,184.4294118,1,0.744680851,0.14893617,0.063829787,0.042553191,1,1
167,0,9.351700338,0,0,0,0,0,0,12.95196376,7.055929456,8671.44176,-0.330840151,-0.383667894,10473.83367,3.66447908,307,123.5981308,1,0.744680851,0.14893617,0.063829787,0.042553191,1,1
168,0,5.813759133,0,0,0,0,0,0,13.42481635,4.972044913,7438.06757,-0.300116769,-0.398475667,9456.562372,3.999473784,456,122.7473684,1,0.268656716,0.537313433,0.141791045,0.052238806,2,2
169,0,5.730179982,0,1.019657872,0,0.743041404,0,1.762699276,3.420852088,2.485948412,5497.643342,-0.049966032,-0.245390354,10039.1449,3.625371461,1814,150.75,1,0.268656716,0.537313433,0.141791045,0.052238806,2,2
173,0,17.90451522,0,0,0,3.402343082,0,3.402343082,176.7303622,70.51996877,15181.74857,-0.2346247,-0.301832818,7253.666667,3.7861496,369,501.7252747,3,0,0.069767442,0.720930233,0.209302326,3,5
174,0,17.40296841,0,4.17442496,0,0,0,4.17442496,39.39973113,9.425527661,19322.16821,-0.199612834,-0.322362721,7311.42642,3.713734558,248,564.1625,3,0,0.069767442,0.720930233,0.209302326,3,5
175,0,22.5348304,0,5.885362478,0,0,0,5.885362478,43.90438485,11.61161315,27339.15785,-0.010688602,-0.301365506,8297.329201,3.884141256,7523,628.4367816,4,0.268656716,0.537313433,0.141791045,0.052238806,2,2
176,0,23.08050943,0,0.743529851,0,3.912609346,0,4.656139197,197.6441709,38.66756453,7499.012877,-0.273716734,-0.377320169,8508.80487,2.999747271,602,290.7555556,2,0.268656716,0.537313433,0.141791045,0.052238806,2,2
180,0,0.532361596,0,0.439634032,0.664676369,0,0,1.104310401,7.11358777,0,1261.137841,-0.330995902,-0.189903321,8819.18599,3.905023307,1245,672.7857143,4,0.268656716,0.537313433,0.141791045,0.052238806,2,2
182,0,1.453341295,0,0.818574494,0,0.177839851,0.31007173,1.306486075,15.72736406,16.95287623,1640.026948,-0.330994993,-0.343974325,7575.039276,3.68721041,3054,407.4098361,3,0.181818182,0.090909091,0.545454545,0.181818182,3,4
186,0,32.31971841,0,6.307438906,1.405057025,2.214551001,0,9.927046932,92.20109764,19.64939344,25337.25149,-0.210763085,-0.218448517,6453.784935,3.766429637,1692,882.0483871,4,0,0.069767442,0.720930233,0.209302326,3,5
187,0,13.13908629,0,5.57018464,0,0.716393799,0,6.286578439,24.93178919,7.86194741,18884.48228,-0.177359595,-0.207864849,6759.506476,3.869638754,2571,763.4320988,4,0,0.069767442,0.720930233,0.209302326,3,5
193,0,8.838565919,0,2.67058636,1.615544099,0,0.460664541,4.746795,36.55301505,25.0520168,14282.02789,-0.287378727,0.729166619,5834.737219,3.477602501,3749,439.7734375,3,0,0.069767442,0.720930233,0.209302326,3,5
199,0,7.429688611,0,0.583198396,0,0,0.294355469,0.877553865,10.66225198,22.16463821,6094.501919,-0.321426397,-0.385088428,19359.50792,5.209670143,155,353.8076923,2,0.744680851,0.14893617,0.063829787,0.042553191,1,1
204,0,13.65962225,0,0.450600378,2.714590345,0.853708527,0,4.01889925,43.50298502,17.23713534,27569.24587,-0.20790319,0.354290775,6092.239071,3.520950575,1947,531.8153846,3,0,0.069767442,0.720930233,0.209302326,3,5
205,0,20.60920819,0,0.455245854,0.496202946,0,0.275073253,1.226522053,65.30946037,25.36070782,26896.52546,-0.286096729,-0.046621676,6224.662227,3.625016877,1272,577.1442308,3,0,0.069767442,0.720930233,0.209302326,3,5
206,0,30.46184308,0,1.058555215,0.394289723,1.611586382,0,3.06443132,90.34787165,20.88399086,27538.03162,0.098148888,-0.028492262,6449.230061,3.581708002,4823,753.4337349,4,0,0.069767442,0.720930233,0.209302326,3,5
207,0,22.98647033,0,4.771016967,0,2.701532904,0,7.472549871,97.76750174,21.60282662,27655.57857,0.185450411,-0.031947983,6807.059646,3.968188326,7322,821.2463768,4,0,0.181818182,0.181818182,0.636363636,4,6
208,0,41.61630804,0,2.446152116,0,1.444411502,0,3.890563618,116.373041,15.76567171,26439.80744,0.72260131,0.151373957,6740.984631,3.652556267,1771,709.7323944,4,0,0.069767442,0.720930233,0.209302326,3,5
210,0,12.89297381,0,0.403418343,0,2.631681231,0,3.035099574,98.31180876,24.59053655,23334.59221,0.34050358,-0.304678687,6708.35041,3.981062598,3998,586.8888889,3,0,0.069767442,0.720930233,0.209302326,3,5
211,0,16.26408346,0,5.10268231,0.851479024,0.451497599,0.658089788,7.063748721,73.65419658,18.80749774,26115.57399,-0.085228608,0.067148398,6826.081973,4.08320923,5055,585.6470588,3,0,0.069767442,0.720930233,0.209302326,3,5
214,0,28.38449639,0,0.867819576,1.311077106,2.281043038,0,4.45993972,90.85269492,30.41156722,24983.42309,-0.124139103,0.95446647,6066.7212,3.383571248,5995,417.0521739,3,0,0.069767442,0.720930233,0.209302326,3,5
215,0,7.459757478,0,0.085438593,0,0,0,0.085438593,47.88459347,53.31502148,14882.00737,-0.022594502,-0.357327404,6607.182409,3.91796974,3095,439.8021978,3,0,0.069767442,0.720930233,0.209302326,3,5
216,0,2.799375027,0,0.430944687,0,0,0.193148656,0.624093343,1.112767294,3.905416271,3835.256314,-0.31393683,-0.148778584,7496.457906,4.496047528,823,494.7462687,3,0.181818182,0.090909091,0.545454545,0.181818182,3,4
217,0,4.345115113,0,5.10549217,0.314573925,0.771101573,0.266832497,6.458000165,8.824187324,4.583021648,0,-0.312240977,-0.361837828,8860.363327,3.868377445,553,194.4545455,1,0.268656716,0.537313433,0.141791045,0.052238806,2,2
219,0,1.513544365,0,0.536429626,0.71837801,0,0.635216831,1.890024467,8.059056399,5.213724845,154.9872414,-0.284107522,-0.144320836,11142.8923,4.207674709,1795,99.03571429,1,0.744680851,0.14893617,0.063829787,0.042553191,1,1
220,0,7.733327044,0,3.736667412,0.746698302,0.517586209,0.784032737,5.78498466,17.06628755,9.0291998,433.1994673,-0.318528934,-0.383367031,6425.789796,3.015318767,367,241.6097561,2,0.027027027,0.675675676,0.189189189,0.108108108,2,3
221,0,2.555883225,0,4.724918772,0.830168284,0,0,5.555087056,3.770786494,3.949474368,513.1112241,-0.321368766,-0.408852645,8756.864008,3.807461045,677,213.3529412,2,0.268656716,0.537313433,0.141791045,0.052238806,2,2
222,0,5.88896521,0,4.276107215,0.393973353,0.298198947,0,4.968279515,6.091530668,4.080996507,7321.565417,-0.325374798,-0.396558806,8922.29898,3.543443181,312,423.7627119,3,0.268656716,0.537313433,0.141791045,0.052238806,2,2
223,0,3.128556638,0,1.283776752,0,0.146420178,0.675378599,2.105575529,11.16224925,211.9298712,134.4477084,-0.146160703,0.712805628,7270.190354,3.779616918,4549,772.8703704,4,0.027027027,0.675675676,0.189189189,0.108108108,2,3
227,0,9.748465226,0,8.021412504,0.934822753,0.08807908,0.220135988,9.264450325,15.32521823,7.707538856,17786.98294,0.120746941,0.06049212,6760.521088,2.16754383,5616,731.8235294,4,0,0.069767442,0.720930233,0.209302326,3,5
230,0,7.180359562,0,2.738923477,0.050850115,0.784178427,0.231071271,3.80502329,16.98294173,7.38607178,13810.25551,-0.29661254,-0.293468657,7581.692857,4.138879911,1686,679.6986301,4,0,0.069767442,0.720930233,0.209302326,3,5
231,0,41.38102266,0,7.45749965,0,2.430043674,1.510028779,11.3975721,68.86285066,13.75563674,13994.18235,1.049146963,0.193769005,7198.895024,3.429088491,5580,482.4137931,3,0,0.069767442,0.720930233,0.209302326,3,5
232,0,40.46741257,0,4.964213403,1.6063082,0.570600608,0,7.141122211,47.21012382,16.18370314,11337.55197,-0.118803463,0.124930407,6937.519728,3.211159892,1225,412.3214286,3,0,0.069767442,0.720930233,0.209302326,3,5
237,0,17.10273457,0,6.726636815,0,2.456616558,0,9.183253373,66.93932118,14.57240177,25100.6469,0.864326384,1.876706492,6344.563605,3.827067987,11173,666.5054945,4,0,0.181818182,0.181818182,0.636363636,4,6
240,0,2.552378801,0,0.086760888,0,1.559581947,0,1.646342835,26.091921,136.6516829,0,-0.325558083,0.77170052,7629.656783,3.980681948,1159,879,4,0.181818182,0.090909091,0.545454545,0.181818182,3,4
241,0,12.57921275,0,5.208032175,0,0.775172014,0,5.983204189,32.65664376,18.53698129,9710.439624,0.211680476,0.052140307,7641.317655,3.946208757,2707,703.7142857,4,0,0.069767442,0.720930233,0.209302326,3,5
242,0,1.353267261,0,2.737018987,0.933494499,0,0.603459558,4.273973044,3.416190831,6.517568728,0,-0.328825605,-0.405150409,7536.388435,3.190260789,130,135.6666667,1,0.181818182,0.090909091,0.545454545,0.181818182,3,4
244,0,11.96956228,0,1.13277878,0,1.459060525,0,2.591839305,24.92872014,9.14888284,9915.96831,-0.02140886,0.089474695,8688.696159,3.857528159,12895,343.9774436,2,0.268656716,0.537313433,0.141791045,0.052238806,2,2
246,0,8.167137324,0,0,0.486863738,0.377723792,1.544873101,2.409460631,27.01748568,23.08484816,6631.843065,-0.247700038,0.341633578,11799.15871,4.257769827,423,347.5869565,2,0.744680851,0.14893617,0.063829787,0.042553191,1,1
250,0,12.59343166,0,1.089343153,0.163891949,0.963997855,0.777733982,2.994966939,39.54656419,18.68567944,17273.74472,-0.042024197,-0.154439698,6905.63677,3.752164429,3750,415.1866667,3,0,0.069767442,0.720930233,0.209302326,3,5
252,0,0.927840886,0,0,0.160738988,0.088407222,0.163315349,0.412461559,4.78070433,7.04515068,2179.425742,-0.331067401,-0.385107393,8546.415133,3.965479048,1306,168.8378378,1,0.268656716,0.537313433,0.141791045,0.052238806,2,2
253,0,0.808779979,0,0.331998192,0.118018469,0.025856795,0.122668936,0.598542392,4.127912591,10.89345147,1940.359962,-0.315197866,-0.382777634,10847.75888,5.016522312,8892,342.027027,2,0.744680851,0.14893617,0.063829787,0.042553191,1,1
254,0,2.646076662,0,0.269723631,0.321573757,0.023871138,0.23427619,0.849444716,4.986612124,5.71647,2892.698343,-0.32002769,-0.311341695,9275.37585,4.138129833,954,253.9221557,2,0.268656716,0.537313433,0.141791045,0.052238806,2,2
256,0,4.492710679,0,2.03844177,0.068779145,0.046875687,0.724839927,2.878936529,12.99779908,8.648857071,3101.446988,-0.223850135,-0.283566295,8976.239071,4.159456042,2306,308.592,2,0.268656716,0.537313433,0.141791045,0.052238806,2,2
257,0,4.452334521,0,2.772064011,0.472266746,0.185598362,0.402269796,3.832198915,29.5660193,15.90413701,6620.231569,-0.238882403,-0.116118469,8514.781079,3.714266496,4610,418.4928367,3,0.268656716,0.537313433,0.141791045,0.052238806,2,2
258,0,4.632380872,0,1.10627627,0.787017475,0,0.755523032,2.648816777,37.24805001,10.82640517,10009.01916,-0.294193337,-0.338251486,10779.39614,4.740735785,737,529.0454545,3,0.744680851,0.14893617,0.063829787,0.042553191,1,1
259,0,1.921711399,0,0,0,0,0.354830853,0.354830853,4.881234956,7.344025965,4565.266006,-0.329966302,-0.412086923,9061.284052,3.985609272,129,233.6666667,2,0.268656716,0.537313433,0.141791045,0.052238806,2,2
262,0,7.817493988,0,2.909417175,0,0.456898085,0.324683574,3.690998834,51.19576109,24.27956536,8881.810117,-0.2795539,-0.327343402,8542.007871,3.934200974,2267,400.7361111,3,0.268656716,0.537313433,0.141791045,0.052238806,2,2
263,0,3.848588819,0,1.96887089,0.254236034,0.874260181,0.050016216,3.147383321,8.171674411,7.42138714,2895.379358,-0.280628129,-0.277745628,7494.523129,3.43407983,2895,238.4875,2,0.027027027,0.675675676,0.189189189,0.108108108,2,3
264,0,2.699456869,0,0.833678232,0.682707894,0.37827051,0.308146688,2.202803324,2.668859426,4.090616345,0,-0.331924826,-0.372667498,7750.730952,3.348921245,9,359.55,2,0.181818182,0.090909091,0.545454545,0.181818182,3,4
265,0,10.87127863,0,7.216386835,0.787515992,0.479789424,0,8.483692251,92.29834675,29.02986407,23982.22511,-0.001652798,0.71357219,6900.451161,4.109638215,15396,876.8108108,4,0,0.181818182,0.181818182,0.636363636,4,6
267,0,7.6980615,0,2.731464819,0,0.539970673,0,3.271435492,22.70920428,13.74062372,7278.877419,-0.085613775,0.013399128,8092.592857,3.812807017,4011,451.8734177,3,0.027027027,0.675675676,0.189189189,0.108108108,2,3
270,0,3.780919111,0,0.824609237,0,0.076719914,0,0.901329151,4.569777376,4.036843769,1739.729484,-0.183892494,-0.275374936,10171.06497,3.764635136,1184,228.1803279,2,0.268656716,0.537313433,0.141791045,0.052238806,2,2
271,0,2.987407331,0,0.670570352,0,0.158689163,0,0.829259515,4.712758561,4.126446934,1436.077528,-0.174911288,-0.214544284,9401.327551,3.728929302,845,349.0952381,2,0.268656716,0.537313433,0.141791045,0.052238806,2,2
272,0,9.770153384,0,0.049864869,0,0.972367201,0,1.02223207,15.02273843,4.919465096,6032.02167,-0.251751374,-0.362022476,10065.14762,3.47093717,1620,444.0227273,3,0.268656716,0.537313433,0.141791045,0.052238806,2,2
290,0,0.703096295,0,0.031462638,0.007488481,0,0.245794315,0.284745434,5.65893344,11.37102622,1484.091035,-0.332479569,-0.40320142,6140.318027,3.538466311,42,474.025641,3,0.181818182,0.090909091,0.545454545,0.181818182,3,4
293,0,18.31218848,0,8.558396856,0,0.872679888,0,9.431076744,65.88468035,15.6906298,14919.34604,0.302618952,0.412020675,6320.877049,3.368954215,4910,560.4,3,0,0.069767442,0.720930233,0.209302326,3,5
298,0,1.110049534,0,1.297620367,0.048501803,0.165511164,0.07698222,1.588615554,4.679520117,10.27215669,1902.477848,-0.289769529,-0.281285994,7863.782209,3.165570616,2677,409.6086957,3,0.181818182,0.090909091,0.545454545,0.181818182,3,4
299,0,1.719624321,0,0,0,0.02308523,0.536298136,0.559383366,11.24254505,17.12677735,2074.251341,-0.325871762,-0.144888845,9118.62115,4.804849293,492,418.9189189,3,0.268656716,0.537313433,0.141791045,0.052238806,2,2
300,0,3.522903925,0,0,0,0,0.265876661,0.265876661,5.179437109,13.29112439,2372.155237,-0.33228649,-0.356945003,9488.136708,3.967303695,21,461.8153846,3,0.268656716,0.537313433,0.141791045,0.052238806,2,2
309,0,10.67478357,0,1.156904423,0.421611749,1.104877617,0.978030149,3.661423938,97.05232915,28.44696926,18045.52147,-0.261158766,-0.373407985,7139.570157,4.110241498,971,499.6969697,3,0,0.069767442,0.720930233,0.209302326,3,5
312,0,15.11237892,0,5.254583262,0.509751617,0.388980592,1.517493369,7.67080884,35.10801818,9.556294193,14491.45684,-0.240260314,-0.306891008,7278.508163,4.023313199,3448,561.5384615,3,0,0.069767442,0.720930233,0.209302326,3,5
315,0,1.627704839,0,3.231180568,0,0,0.435025181,3.666205749,2.695464868,2.573061831,62.90916354,-0.325156274,-0.397014349,7842.842857,3.608855286,2465,71,1,0.181818182,0.090909091,0.545454545,0.181818182,3,4
316,0,14.20259223,0,2.650142009,0.318104721,1.359792924,1.083576391,5.411616045,31.28297336,17.7565788,10315.53713,-0.007644326,0.236714713,7787.4182,3.67340317,4636,415.4025974,3,0,0.069767442,0.720930233,0.209302326,3,5
320,0,6.465956738,0,5.265708674,0,0.374641635,0,5.640350309,12.63109659,6.461003652,12592.31409,-0.322396983,-0.372174853,8145.879227,4.131540785,661,723.1333333,4,0.268656716,0.537313433,0.141791045,0.052238806,2,2
321,0,8.273047331,0,1.438503757,0.262834667,0.935751948,2.060630314,4.697720686,38.23215226,13.58538421,13376.03047,-0.01852775,-0.263110663,6752.234833,3.73934986,2623,358.4305556,2,0,0.069767442,0.720930233,0.209302326,3,5
326,0,13.47419584,0,0,0,1.062670148,0,1.062670148,56.0684415,24.32173473,9925.511314,0.209532851,-0.195053982,7470.707566,4.329977266,7741,467.8714859,3,0,0.181818182,0.181818182,0.636363636,4,6
327,0,7.157159665,0,0,0,0.473077849,0.062899553,0.535977402,26.67087885,14.39210462,8065.368018,-0.224565478,-0.298379943,8286.494206,4.464683657,1051,298.0454545,2,0.268656716,0.537313433,0.141791045,0.052238806,2,2
328,0,10.53742445,0,0,0,0,1.297671285,1.297671285,22.99669199,12.35346799,8917.322688,-0.157337497,-0.268301765,8217.467213,4.408229636,1450,188.5714286,1,0.268656716,0.537313433,0.141791045,0.052238806,2,2
329,0,3.015409088,0,0,0,0.050792731,0.116757632,0.167550363,4.01079726,10.45952028,2632.625253,-0.317893834,-0.340929889,8645.399384,3.962956952,231,183.1010101,1,0.268656716,0.537313433,0.141791045,0.052238806,2,2
330,0,1.542546915,0,0,0.367029619,0,0.074869294,0.441898913,4.205646038,8.058627873,1598.531336,-0.331348504,-0.411156976,8446.331288,4.12226556,6,504.5925926,3,0.268656716,0.537313433,0.141791045,0.052238806,2,2
332,0,17.46654165,0,4.703334331,0,0.386475051,0,5.089809382,86.82504128,18.87980112,14820.73117,0.064276243,-0.139327366,7929.481824,3.922504954,2753,548.016,3,0,0.069767442,0.720930233,0.209302326,3,5
333,0,16.22657867,0,5.682186284,0,1.547139369,0,7.229325653,30.44199974,7.094290866,15051.38475,-0.125828474,0.00529672,7056.912227,3.829153198,1674,511.4680851,3,0,0.069767442,0.720930233,0.209302326,3,5
334,0,1.127058964,0,0,0.199870615,0,0,0.199870615,2.243637971,9.37932561,1693.80155,-0.332672821,-0.412674804,12211.68443,4.109448724,27,154.2469136,1,0.744680851,0.14893617,0.063829787,0.042553191,1,1
336,0,11.12221151,0,0,0.115709788,0.939118208,0,1.054827996,34.15990067,15.00459332,8104.127678,-0.183860096,-0.259095127,8520.409184,4.336763609,4862,400.6477987,3,0.268656716,0.537313433,0.141791045,0.052238806,2,2
337,0,15.29989137,0,0,0.948274786,0.128073367,0,1.076348153,19.74191032,6.753235318,9339.001745,-0.264367717,-0.242945399,7498.805102,3.915445163,1176,432.0795455,3,0,0.069767442,0.720930233,0.209302326,3,5
338,0,6.946733709,0,0,0.419046862,0.15111427,0.746240423,1.316401555,19.35029773,8.745120135,5808.582437,-0.280425004,-0.36928813,8606.379346,4.027291222,551,135.1363636,1,0.268656716,0.537313433,0.141791045,0.052238806,2,2
342,0,16.87751207,0,1.688335369,2.090149839,0.98500564,0,4.763490848,58.13930909,11.78099666,10047.26615,0.423001998,0.167551711,7495.428425,3.619853681,14079,620.5496454,4,0,0.181818182,0.181818182,0.636363636,4,6
343,0,5.970077969,0,4.215243779,1.76960393,0.436647906,0.40527712,6.826772735,58.64194882,37.27577031,9953.189265,-0.140118791,-0.238264616,9143.22428,3.877036616,6169,412.1891892,3,0.268656716,0.537313433,0.141791045,0.052238806,2,2
344,0,4.067057076,0,0,0,1.032527462,0.857079596,1.889607058,5.275828424,2.283379442,4091.458929,-0.327497591,-0.396947183,10241.26392,4.604734511,213,161.7,1,0.268656716,0.537313433,0.141791045,0.052238806,2,2
345,0,4.4538287,0,0,0,0.471604549,0,0.471604549,6.617077342,6.678235022,4103.572985,-0.331456309,-0.412503223,9346.104976,4.422313673,106,125.4117647,1,0.268656716,0.537313433,0.141791045,0.052238806,2,2
349,0,15.94627333,0,4.131262027,0,1.706466676,0,5.837728703,61.30854672,34.47319172,10110.59171,0.148267931,0.384046968,7551.61486,3.555048777,7080,643.902027,4,0,0.181818182,0.181818182,0.636363636,4,6
351,0,12.51848385,0,0,1.241064706,1.006332159,0,2.247396865,13.42446207,4.887139433,9659.431981,-0.330541349,-0.396414034,9859.886503,4.131989963,32,106.3428571,1,0.268656716,0.537313433,0.141791045,0.052238806,2,2
353,0,5.395729299,0,0,0,0.793283666,0,0.793283666,14.4182247,6.513252584,6091.277703,-0.29601,-0.360453045,9657.403545,4.110422377,2873,203.2231405,2,0.268656716,0.537313433,0.141791045,0.052238806,2,2
357,0,16.02754561,0,0,0.304597139,1.634237344,0,1.938834483,47.58732135,15.28963208,10018.78345,0.023372255,-0.215497839,10609.68371,4.387234963,5532,311.5695652,2,0.744680851,0.14893617,0.063829787,0.042553191,1,1
358,0,5.186567309,0,0,0,1.221654162,0,1.221654162,6.108213552,8.192859743,10185.37793,-0.318808957,-0.406791163,10649.0034,3.951817277,19,148.3571429,1,0.744680851,0.14893617,0.063829787,0.042553191,1,1
359,0,5.656020622,0,0,0,1.112280204,0,1.112280204,12.00944229,4.559339083,8937.486532,-0.326838498,-0.413252907,10243.65884,4.16474599,250,314.2285714,2,0.268656716,0.537313433,0.141791045,0.052238806,2,2
370,0,3.516887133,0,0.52728959,0,0,0.063789283,0.591078873,5.939875117,7.267803844,3235.449254,-0.331646222,-0.40433483,7875.114754,4.560546887,664,241.0909091,2,0.027027027,0.675675676,0.189189189,0.108108108,2,3
371,0,2.262849348,0,0,0.059008352,0,0.121068014,0.180076366,8.85254543,7.849149602,2777.011017,-0.327034772,-0.406259226,10015.11354,6.414268348,16,237.875,2,0.268656716,0.537313433,0.141791045,0.052238806,2,2
372,0,8.458940135,0,0,1.442404436,0,0,1.442404436,36.71230502,21.2217277,9805.513974,-0.295444283,-0.376260142,8568.464822,4.411871961,1146,248.6973684,2,0.268656716,0.537313433,0.141791045,0.052238806,2,2
374,0,7.834473249,0,0,0,0.25401946,0.531748484,0.785767944,3.104651987,1.503280563,8932.985125,-0.217024849,-0.364503243,9617.180952,3.557915573,177,143.3157895,1,0.268656716,0.537313433,0.141791045,0.052238806,2,2
375,0,6.057228697,0,0,0,0.408213279,0.572691218,0.980904497,3.103604244,1.565129199,8003.609834,-0.296863394,-0.36081123,9913.249148,3.57273278,298,114.4761905,1,0.268656716,0.537313433,0.141791045,0.052238806,2,2
378,0,12.24222071,0,0,0,0.206594088,0,0.206594088,14.11140471,6.042380134,10028.817,-0.204990513,-0.247016204,9868.971711,3.829215499,1831,215.1328671,2,0.268656716,0.537313433,0.141791045,0.052238806,2,2
379,0,11.36642797,0,0,0,1.45795484,0,1.45795484,10.07088697,2.962784545,9834.114981,-0.309406222,-0.333282396,9049.377211,3.306719316,1970,107.7368421,1,0.268656716,0.537313433,0.141791045,0.052238806,2,2
380,0,11.4404597,0,1.035824354,0,0.775281862,0.39603005,2.207136266,10.53264866,3.511862483,9845.195965,-0.255522716,-0.311829494,9209.404908,3.527423088,1924,195.2280702,1,0.268656716,0.537313433,0.141791045,0.052238806,2,2
381,0,9.46536546,0,1.226612486,0.195060461,0.732693795,0.650343455,2.804710197,13.26660061,5.848960042,9856.407451,-0.123898259,-0.275803072,9548.081459,3.795849836,1527,194.1290323,1,0.268656716,0.537313433,0.141791045,0.052238806,2,2
382,0,8.395608537,0,0.828391868,0.154508073,0.493648584,0,1.476548525,7.087099994,3.504770753,9535.501306,-0.234190169,-0.27892693,9737.255464,3.546217598,2451,336.2926829,2,0.268656716,0.537313433,0.141791045,0.052238806,2,2
383,0,12.96531059,0,0,0,1.502359629,0,1.502359629,14.9977964,5.670510359,9893.757866,-0.072233063,-0.20148704,9508.163946,3.637122994,2629,231.5882353,2,0.268656716,0.537313433,0.141791045,0.052238806,2,2
387,0,7.360196517,0,0,0.998089371,0,0,0.998089371,12.97320119,8.761343173,8389.646757,-0.12574477,-0.27020577,8298.740476,4.290295887,3716,349.0588235,2,0.268656716,0.537313433,0.141791045,0.052238806,2,2
388,0,5.811648351,0,0,0,0,0.250128284,0.250128284,8.844697337,6.559597792,8292.770071,-0.332566107,-0.403685908,9249.077002,4.597768847,3,523.1714286,3,0.268656716,0.537313433,0.141791045,0.052238806,2,2
392,0,14.17575096,0,0,0.058940468,0.169393904,0.074354347,0.302688719,19.98060153,7.313644585,10047.62045,-0.22108224,-0.154855872,9565.235714,3.954467506,3332,280.8965517,2,0.268656716,0.537313433,0.141791045,0.052238806,2,2
393,0,1.612359705,0,0,0,0,0.062040733,0.062040733,1.284093221,5.641721885,1176.863028,-0.319469221,-0.39211467,8844.702527,4.239527119,416,499.5142857,3,0.268656716,0.537313433,0.141791045,0.052238806,2,2
394,0,5.242151088,0,0,0,0,0,0,4.350534001,3.908237908,6708.449271,-0.301363931,-0.40800249,7528.205601,4.053092473,314,199.5526316,1,0.027027027,0.675675676,0.189189189,0.108108108,2,3
395,0,13.18636108,0,0,0.305996094,0,0,0.305996094,17.0695513,7.759795045,8233.628891,-0.322256527,-0.313671776,8103.797205,4.153170592,300,162.6701031,1,0.268656716,0.537313433,0.141791045,0.052238806,2,2
396,0,10.41721416,0,0,0.436242255,0,0.783081648,1.219323903,7.396109227,4.218235925,8158.836965,-0.035680015,0.019930091,7600.026244,3.929745252,2650,366.5086705,2,0.027027027,0.675675676,0.189189189,0.108108108,2,3
397,0,9.223007715,0,0,1.738722324,0,0,1.738722324,30.23174379,10.7963818,9719.112706,-0.246156346,-0.271774332,8839.165984,4.375684055,1182,379.8410596,2,0.268656716,0.537313433,0.141791045,0.052238806,2,2
398,0,4.815530775,0,0,0,0,0.988392319,0.988392319,8.69145981,5.769298745,7794.712024,-0.324308521,-0.345645508,7162.671779,4.078494747,160,339.0138889,2,0.027027027,0.675675676,0.189189189,0.108108108,2,3
399,0,11.42207934,0,0.42940023,0.234659771,0,0,0.664060001,16.97590942,7.356207558,8900.298052,-0.235259285,-0.271757234,7701.953799,4.144981554,1137,261.742268,2,0.027027027,0.675675676,0.189189189,0.108108108,2,3
400,0,11.2232979,0,0.729282228,0,0,0.162744082,0.89202631,19.21019926,9.565253424,8868.960585,-0.322390181,-0.38814259,8724.408177,4.364436526,3146,504.9493671,3,0.268656716,0.537313433,0.141791045,0.052238806,2,2
401,0,9.489898422,0,0.305279636,0,0,0.600730753,0.906010389,24.39358451,6.94369659,8659.312379,-0.200841372,-0.358023038,8231.19781,3.992679643,1627,418.4246575,3,0.268656716,0.537313433,0.141791045,0.052238806,2,2
402,0,13.22873208,0,0,0,0,0.937308706,0.937308706,44.42371201,13.83458227,9911.513595,0.00578566,0.356327976,7920.721081,4.171660761,2283,485.557377,3,0,0.069767442,0.720930233,0.209302326,3,5
403,0,5.380894703,0,0.922675204,0,0,0.884396465,1.807071669,38.97340802,21.69797798,7564.778966,-0.083075011,0.344745438,7122.179592,3.895266904,3046,614.4285714,4,0.027027027,0.675675676,0.189189189,0.108108108,2,3
404,0,18.30221347,0,0.743092521,1.386075675,0,0,2.129168196,66.44434698,21.46535888,10154.74901,-0.152440395,0.227905193,7250.926721,3.858366593,757,600.8351648,4,0,0.069767442,0.720930233,0.209302326,3,5
407,0,16.03344934,0,4.081727851,0.982642749,0,0.644018765,5.708389365,60.96731229,23.42172204,9979.435863,-0.030190951,0.057579957,6358.27483,3.800856462,1081,431.7885463,3,0,0.069767442,0.720930233,0.209302326,3,5
408,0,12.145808,0,3.024871922,1.238779579,0,0.415634715,4.679286216,27.82448733,7.688916503,9719.633925,-0.168354933,-0.315087937,7319.790897,4.033638289,3876,482.3625,3,0,0.069767442,0.720930233,0.209302326,3,5
409,0,9.526335555,0,6.397729649,1.188492312,0,0,7.586221961,38.15165422,20.71241693,9795.508002,-0.174532382,-0.281325392,7353.420439,4.136080632,6580,478.6834171,3,0,0.069767442,0.720930233,0.209302326,3,5
410,0,13.09670436,0,3.838755316,0,0,0,3.838755316,34.25431674,13.87151863,9402.125817,-0.297211417,-0.362417986,8058.616151,4.654866062,453,558.6190476,3,0,0.069767442,0.720930233,0.209302326,3,5
411,0,3.096844979,0,0,0.439272284,0,0.370252775,0.809525059,11.13159175,29.79531293,3399.172035,-0.320709556,-0.394416333,9049.864325,4.780631194,329,278.7065217,2,0.268656716,0.537313433,0.141791045,0.052238806,2,2
412,0,3.849541443,0,0,0.149372841,0,0,0.149372841,0,0,5649.638523,-0.320597505,-0.402324406,7875.248292,4.298723574,115,338.8461538,2,0.027027027,0.675675676,0.189189189,0.108108108,2,3
413,0,12.22781645,0,0,1.229135221,0,0,1.229135221,46.8502725,19.91082296,10029.89238,-0.322048181,-0.284183731,8383.924025,4.072281937,5773,366.4971098,2,0.268656716,0.537313433,0.141791045,0.052238806,2,2
414,0,8.886400697,0,0.662469555,0.759167479,0,0.962524257,2.384161291,58.09671579,38.3033867,6196.878968,0.033947702,-0.367585236,7315.146558,4.007221945,2747,275.8682171,2,0.027027027,0.675675676,0.189189189,0.108108108,2,3
415,0,12.30284,0,0.727670745,1.434742606,0,0,2.162413351,59.41349506,25.63140339,9411.950794,-0.035048884,-0.200396427,8300.869194,3.983992035,3091,285.3068182,2,0.268656716,0.537313433,0.141791045,0.052238806,2,2
416,0,21.14576197,0,2.029465026,0.979477192,0,0,3.008942218,104.8516393,46.01969742,8656.844898,-0.204208015,-0.164776078,8158.829904,3.894737467,796,251.4701987,2,0.268656716,0.537313433,0.141791045,0.052238806,2,2
417,0,5.390431813,0,0,0.671277084,0,0.390159989,1.061437073,7.856713242,10.37118714,3978.633999,-0.309334983,-0.398009635,8387.928326,4.318510267,316,225.1780822,2,0.268656716,0.537313433,0.141791045,0.052238806,2,2
418,0,10.49398695,0,0,0.550364175,0,0.629289217,1.179653392,34.9167843,18.98978384,9251.776549,-0.304675028,-0.018500526,7914.984973,4.046690728,461,332.4623656,2,0.027027027,0.675675676,0.189189189,0.108108108,2,3
420,0,9.865325158,0,1.527998935,0,0,0,1.527998935,10.67855324,3.715793115,8076.449542,-0.192492704,-0.342598845,7263.871399,3.997094714,4720,524.816092,3,0.027027027,0.675675676,0.189189189,0.108108108,2,3
421,0,11.65496876,0,0.901040943,0,0,0,0.901040943,13.99636092,7.54799793,9505.021506,-0.291563432,-0.194441128,6667.281868,3.946924835,2119,458.532,3,0,0.069767442,0.720930233,0.209302326,3,5
422,0,21.00376201,0,0,0,0,0,0,23.18327954,7.653535954,10022.65306,-0.28236558,0.056842857,7898.200205,4.122507325,1377,630.1392405,4,0,0.069767442,0.720930233,0.209302326,3,5
423,0,13.70386556,0,4.357364248,0.775220209,0,0.58588648,5.718470937,49.97426051,14.93587561,9676.813049,-0.294665839,-0.373560947,6877.256122,4.053543051,6165,496.1601732,3,0,0.069767442,0.720930233,0.209302326,3,5
424,0,6.966889589,0,2.846464854,0,0.889075019,0.781327365,4.516867238,42.10475699,36.75339065,8312.027804,1.338233002,-0.391318537,7167.259563,4.125692627,3050,380.9298246,2,0.027027027,0.675675676,0.189189189,0.108108108,2,3
425,0,10.50572922,0,0.50095524,0,0,0,0.50095524,26.88850861,6.255135804,9922.765539,-0.328315196,-0.406068045,7419.341205,4.090727349,77,353.5757576,2,0,0.069767442,0.720930233,0.209302326,3,5
426,0,12.29721008,0,1.010615106,0.085387996,0,1.059618879,2.155621981,20.60682556,6.23561206,9189.220107,-0.289913781,-0.38709711,7487.434976,4.124371874,145,206.8794326,2,0.027027027,0.675675676,0.189189189,0.108108108,2,3
433,0,12.64149698,0,0,0.856977581,0,0,0.856977581,32.78318034,19.58827475,8076.934282,0.171570394,0.16849889,6753.318678,3.772539202,2941,471,3,0.027027027,0.675675676,0.189189189,0.108108108,2,3
435,0,13.55931468,0,4.488222509,0.104725517,0,0.190677842,4.783625868,63.43999247,20.5423648,9895.917703,-0.049689548,-0.015518086,6731.700068,3.932048894,6050,465.6341463,3,0,0.069767442,0.720930233,0.209302326,3,5
437,0,16.85736088,0,4.383884898,0,0.279386099,0,4.663270997,27.1189853,7.402450404,9590.940393,0.259903057,-0.025601426,6880.3436,3.851451517,6065,466.1824104,3,0,0.069767442,0.720930233,0.209302326,3,5
438,0,10.19955861,0,3.693093861,0,0.425140016,0.517308352,4.635542229,22.27388126,12.9693966,9897.380983,0.017854536,0.022504848,6618.064286,4.018396752,4490,478.1202186,3,0,0.069767442,0.720930233,0.209302326,3,5
440,0,4.899219554,0,0.261191162,0,1.292095187,0,1.553286349,10.95618376,5.299211893,8768.273861,-0.316066401,-0.359117016,8602.016052,3.845346374,233,216.9512195,2,0.268656716,0.537313433,0.141791045,0.052238806,2,2
441,0,4.505886531,0,0,0.82344542,1.142057853,0,1.965503273,16.31768123,9.766570514,8128.307876,-0.318855834,-0.343929872,8212.506463,3.816051159,841,272.1206897,2,0.268656716,0.537313433,0.141791045,0.052238806,2,2
442,0,1.437519991,0,0,0.918995548,0,1.164427912,2.08342346,7.724746849,12.01640727,3170.298173,-0.332672821,-0.403582473,8317.140082,3.913095748,2,299,2,0.268656716,0.537313433,0.141791045,0.052238806,2,2
443,0,8.975557216,0,0,0,1.285409447,0,1.285409447,24.2434777,13.00361541,8903.943251,-0.28747181,-0.362372822,9572.180669,4.65394236,958,265.5,2,0.268656716,0.537313433,0.141791045,0.052238806,2,2
444,0,3.402879986,0,0.526566506,0,0.411997341,0.849416031,1.787979878,13.03771107,11.52818916,2114.241229,-0.316446526,-0.211276601,8021.345654,4.165537887,1570,370.0864198,2,0.027027027,0.675675676,0.189189189,0.108108108,2,3
445,0,7.364690385,0,0,0.344195743,0.385546717,0.039270943,0.769013403,26.08184748,10.18866691,9074.615918,-0.232349504,-0.279238236,8359.368439,4.27353941,1744,260.9722222,2,0.268656716,0.537313433,0.141791045,0.052238806,2,2
446,0,8.464982808,0,0.806482667,0,1.129343923,0.498920567,2.434747157,52.57924073,20.69144804,9036.483662,-0.165982066,-0.104100017,9043.942847,4.180260998,1790,471.2348485,3,0.268656716,0.537313433,0.141791045,0.052238806,2,2
447,0,11.37306222,0,1.558945167,1.382351202,0,1.571941138,4.513237507,18.77977106,7.015357825,8704.19324,-0.266501703,-0.387027017,9248.457992,3.885691277,395,639.516129,4,0.268656716,0.537313433,0.141791045,0.052238806,2,2
448,0,14.49725178,0,0.731856044,0,1.412652648,0,2.144508692,51.66838563,39.45710266,9602.260912,-0.313468902,0.344229896,8775.993183,3.83198778,300,227.4913295,2,0.268656716,0.537313433,0.141791045,0.052238806,2,2
449,0,1.862268832,0,0.760017974,0,0,0.21840492,0.978422894,0.135171431,1.496779417,3583.455498,-0.331266837,-0.395452536,11070.49931,4.418600315,29,640.7419355,4,0.744680851,0.14893617,0.063829787,0.042553191,1,1
450,0,0.995414457,0,0.432949381,0,0,0,0.432949381,0,0,2957.044114,-0.332118595,-0.401278412,10354.48351,3.790556649,6,237.3333333,2,0.268656716,0.537313433,0.141791045,0.052238806,2,2
451,0,1.438013897,0,0,0.042720493,0.308547232,0,0.351267725,0.82009189,2.389319089,5200.816295,-0.33030737,-0.413252907,10297.32853,4.483538722,7,146.1578947,1,0.268656716,0.537313433,0.141791045,0.052238806,2,2
452,0,11.02726167,0,0,0.755209479,0.802640755,0.36562691,1.923477144,10.89369723,11.5772832,9602.148525,-0.311046444,-0.389538097,11550.73008,4.488269308,348,182.6296296,1,0.744680851,0.14893617,0.063829787,0.042553191,1,1
453,0,10.49941991,0,0.523969983,0,1.278240869,1.010225241,2.812436093,40.38187296,16.9502314,9923.410267,-0.179910593,-0.303420722,9479.939208,3.861501824,5369,277.8847737,2,0.268656716,0.537313433,0.141791045,0.052238806,2,2
454,0,12.7520894,0,2.007902654,0,0.499923776,0,2.50782643,29.60560205,9.756142276,10071.70199,-0.044815864,-0.090058519,9110.793878,3.846226265,7808,327.7907692,2,0.268656716,0.537313433,0.141791045,0.052238806,2,2
455,0,13.32721551,0,0.809536573,0,0,0,0.809536573,33.75526354,13.57733103,9358.513654,-0.1838041,-0.189482158,9331.492161,3.706061161,2992,340.4411765,2,0.268656716,0.537313433,0.141791045,0.052238806,2,2
456,0,12.47109426,0,0.967355114,0,0.974919905,0,1.942275019,31.65635953,8.715345664,8618.791466,-0.144368977,-0.24600349,9255.286735,3.964619738,2256,264.5729927,2,0.268656716,0.537313433,0.141791045,0.052238806,2,2
457,0,12.97674675,0,0,0,0.061529611,0,0.061529611,26.36178374,9.515481434,9758.991999,0.058653626,0.070059097,8214.68439,3.178839736,6499,270.5562914,2,0.268656716,0.537313433,0.141791045,0.052238806,2,2
458,0,15.34863922,0,0.270355668,0,0.739564901,0,1.009920569,13.86865174,4.694336093,9858.144394,-0.281943158,-0.198738271,8864.298909,3.579961973,7678,253.702381,2,0.268656716,0.537313433,0.141791045,0.052238806,2,2
459,0,12.45910743,0,0.0787111,0,0.473499355,0,0.552210455,19.20014768,8.930688531,7134.380681,-0.201318455,-0.226975232,8741.884014,3.753345233,1863,198.4061303,1,0.268656716,0.537313433,0.141791045,0.052238806,2,2
460,0,13.05360697,0,0,0,0.8365261,0,0.8365261,14.06301987,7.263974078,9339.348028,-0.144668089,-0.117505869,8316.267687,3.464803238,1876,283.5208333,2,0.268656716,0.537313433,0.141791045,0.052238806,2,2
461,0,14.91102705,0,0.878775081,0,0.965772409,0,1.84454749,18.13962072,6.338164398,10035.52949,-0.236663495,-0.255895958,8577.402041,3.513798435,1794,252.0282486,2,0.268656716,0.537313433,0.141791045,0.052238806,2,2
462,0,17.85056951,0,0,0,0.788844003,0,0.788844003,14.88738852,5.023692188,9888.001513,-0.219593409,0.070101153,9136.693537,3.372798707,3047,197.5809524,1,0.268656716,0.537313433,0.141791045,0.052238806,2,2
463,0,11.27985928,0,1.277954424,0,0.811627351,0,2.089581775,9.103339136,2.873925498,9117.215139,0.165440434,-0.009817388,8109.971088,3.390013802,5346,261.480916,2,0.268656716,0.537313433,0.141791045,0.052238806,2,2
464,0,12.22045705,0,0.748648874,0,1.422177657,0,2.170826531,11.04354894,3.057350564,6474.633526,-0.182775801,-0.232567391,8863.562925,3.360154398,2284,248.1398601,2,0.268656716,0.537313433,0.141791045,0.052238806,2,2
465,0,15.79329732,0,0,1.011640097,1.50842556,0,2.520065657,19.65515984,9.836958073,9800.200777,-0.332494875,-0.323535936,10251.48398,4.058047552,119,294.3306452,2,0.268656716,0.537313433,0.141791045,0.052238806,2,2
466,0,10.24951232,0,0.226685049,0,0.550832882,0.360835683,1.138353614,20.79311037,12.7271183,9858.272294,-0.257257072,-0.291436752,10347.43729,4.547960049,2873,203.0357143,2,0.268656716,0.537313433,0.141791045,0.052238806,2,2
467,0,6.899512841,0,0.48274804,0,0.521429031,0.197170999,1.20134807,8.048721003,4.418907988,9597.33505,-0.28577222,-0.365749706,9545.19244,3.68957416,924,262.9090909,2,0.268656716,0.537313433,0.141791045,0.052238806,2,2
469,0,7.708857027,0,4.429248835,0.494032522,0,0,4.923281357,13.1885684,7.846812144,10801.8131,-0.243909211,-0.233604303,7534.271262,4.023215816,6315,351.7592593,2,0,0.069767442,0.720930233,0.209302326,3,5
470,0,4.684582153,0,2.175291746,0.403361787,0,0,2.578653533,10.7327623,7.843768104,4566.21128,-0.241105203,-0.276143413,8541.235113,3.861197044,3350,383.6538462,2,0.268656716,0.537313433,0.141791045,0.052238806,2,2
471,0,4.101230677,0,1.527463817,0.32705458,0,0,1.854518397,2.391530308,5.00564389,2964.811176,-0.329804077,-0.347203032,7350.955761,3.688507935,334,359.1041667,2,0.027027027,0.675675676,0.189189189,0.108108108,2,3
472,0,27.51401686,0,0,0,0,0.211946882,0.211946882,30.40458968,9.875632252,10152.73576,0.511313336,0.042632812,7766.167353,3.798546359,8712,386.3473684,2,0,0.181818182,0.181818182,0.636363636,4,6
473,0,7.935152265,0,0,0,0,0,0,5.09635358,3.261164635,7206.202391,-0.304024711,-0.27664159,7997.204082,3.924412908,336,423.2410714,3,0.027027027,0.675675676,0.189189189,0.108108108,2,3
474,0,6.264395058,0,0,0,0,0,0,16.58338993,10.40700772,5901.363625,-0.328623108,-0.35245706,8306.809184,4.293106875,208,233.5514019,2,0.268656716,0.537313433,0.141791045,0.052238806,2,2
475,0,11.55518481,0,0.078003102,0,0.269749933,0,0.347753035,37.73267648,11.02178395,8567.155823,0.004712054,-0.227376112,8609.754098,4.24587471,3345,440.1533742,3,0.268656716,0.537313433,0.141791045,0.052238806,2,2
476,0,1.529570615,0,0.225723127,0,0,0.498376446,0.724099573,2.75893408,2.354848507,2955.86364,-0.332043807,-0.38850099,6463.73429,3.610427961,317,557.2631579,3,0.181818182,0.090909091,0.545454545,0.181818182,3,4
477,0,9.208925188,0,0.543900916,0,0.287937679,0.12288223,0.954720825,12.40508602,6.662336817,7279.768206,-0.26175357,0.212427646,7560.61499,4.482493863,385,457.2727273,3,0.027027027,0.675675676,0.189189189,0.108108108,2,3
479,0,10.90580925,0,1.44010531,0,0,0,1.44010531,15.64120152,5.291345038,9260.111771,-0.280042136,-0.37028509,7599.940476,4.165635167,792,211.6610169,2,0.027027027,0.675675676,0.189189189,0.108108108,2,3
480,0,11.59174757,0,0.359331542,1.346218564,0.073454547,0,1.779004653,40.66622698,24.45808727,9106.768377,-0.304375244,-0.264666105,8040.290642,4.06185259,1050,369.2734694,2,0.027027027,0.675675676,0.189189189,0.108108108,2,3
481,0,10.80383562,0,0.724971649,0,0,0,0.724971649,12.79917171,6.439949073,9076.81327,-0.32366009,-0.402737733,8343.006463,4.242632667,1598,161.5633803,1,0.268656716,0.537313433,0.141791045,0.052238806,2,2
482,0,2.930468507,0,2.570224786,0,0.438850583,0.494859279,3.503934648,4.259289179,3.679926914,3989.442718,-0.319439904,-0.395148028,10061.50381,3.362410627,305,691.75,4,0.268656716,0.537313433,0.141791045,0.052238806,2,2
483,0,3.778086531,0,0,0.662909927,0,0,0.662909927,3.086839942,2.770612415,5647.281277,-0.316475339,-0.409551953,9084.481443,3.794596886,951,782.125,4,0.268656716,0.537313433,0.141791045,0.052238806,2,2
485,0,3.748588255,0,0.420041443,1.479777336,0,0,1.899818779,14.52590686,10.42914609,3830.574873,-0.307772528,-0.366447807,12719.65102,3.872786701,2065,96.36363636,1,0.744680851,0.14893617,0.063829787,0.042553191,1,1
487,0,10.03870576,0,0,0,0.826835573,0,0.826835573,33.12681814,14.21867032,8470.188359,-0.270895104,-0.351778916,10391.29107,4.064557079,961,91.96610169,1,0.744680851,0.14893617,0.063829787,0.042553191,1,1
489,0,19.91643066,0,5.757385632,0.632322652,0.977430617,0,7.367138901,35.75705263,11.25403081,8168.912029,-0.25857114,0.115288916,8265.791325,3.743107963,4970,235.8833333,2,0.268656716,0.537313433,0.141791045,0.052238806,2,2
490,0,25.67627016,0,7.835893183,0,0,0,7.835893183,21.83299198,7.997008699,8247.454184,-0.164751836,0.38789004,9075.971879,4.005789128,632,191,1,0.268656716,0.537313433,0.141791045,0.052238806,2,2
